code,system
65VA.,ctv3
Not added -6,ctv3
65VA.,ctv3
65VA.,ctv3
Not added -6,ctv3
65VA.,ctv3
X70I8,ctv3
XE0Qw,ctv3
Not added - 2,ctv3
A330.,ctv3
X70I8,ctv3
XE0Qw,ctv3
Not added - 2,ctv3
A330.,ctv3
A33z.,ctv3
X76Hf,ctv3
Ayu3A,ctv3
Not added - 3,ctv3
286448015,ctv3
Ayu3A,ctv3
A33y.00,ctv3
Ayu3A,ctv3
X76Hf,ctv3
A33z.,ctv3
Not added - 3,ctv3
286448015,ctv3
A33y.00,ctv3
Ayu3A,ctv3
XM00D,ctv3
Not added - 5,ctv3
XM00D,ctv3
XM00D,ctv3
Not added - 5,ctv3
XM00D,ctv3
H243.,ctv3
301362011,ctv3
885221000006117,ctv3
Not added - 4,ctv3
4781131000006116,ctv3
H201.00,ctv3
H243.,ctv3
H243.,ctv3
Not added - 4,ctv3
H243.,ctv3
2946741000006110,ctv3
Not added - 1,ctv3
743621000033110,ctv3
286452015,ctv3
3133011000006112,ctv3
SLK8.00,ctv3
A33z.00,ctv3
A33..,ctv3
286452015,ctv3
Not added - 1,ctv3
A33..,ctv3
A33z.00,ctv3
3208291000006112,ctv3
286451010,ctv3
A7y0200,ctv3
A33yz00,ctv3
286451010,ctv3
A33yz00,ctv3
3133041000006111,ctv3
43jk.00,ctv3
43wE.00,ctv3
1229516015,ctv3
1227543018,ctv3
ZV06200,ctv3
ZV03611,ctv3
92677014,ctv3
A79A.00,ctv3
689541000000114,ctv3
689481000000119,ctv3
689601000000110,ctv3
4JUA.00,ctv3
4JU9.00,ctv3
4780571000006115,ctv3
301128017,ctv3
4780491000006118,ctv3
H060D00,ctv3
H061500,ctv3
288039014,ctv3
Ayu3900,ctv3
288039014,ctv3
Ayu3900,ctv3
3621181000006115,ctv3
317301000006111,ctv3